"category","categoryKey","id","name","modelFile","thumbFile","sizeMB","sourceUrl","sourceThumb"
"基础模型","JC","c53956d2-0cc9-461a-ac35-8e7d093bc086","女","models/c53956d2-0cc9-461a-ac35-8e7d093bc086.gltf","thumbnails/c53956d2-0cc9-461a-ac35-8e7d093bc086.png","8.06","https://rh-canvas-files.xiaoyaoyou.com/default/director/c6a76e3f-6ca0-4f7c-87a0-46abd5cff6be.gltf","https://rh-canvas-files.xiaoyaoyou.com/default/director/4a98116b-50b5-4cab-a306-27968a1a4e4f.png"
"基础模型","JC","935cc669-2143-44b5-9bb2-510c930d87ec","男","models/935cc669-2143-44b5-9bb2-510c930d87ec.gltf","thumbnails/935cc669-2143-44b5-9bb2-510c930d87ec.png","8.06","https://rh-canvas-files.xiaoyaoyou.com/default/director/1c82f77e-e9cf-4710-8594-a8eb5bd6c944.gltf","https://rh-canvas-files.xiaoyaoyou.com/default/director/d3720c8f-84b4-4ef8-b138-1272394b873a.png"
"基础模型","JC","b53c94b0-8586-4d86-992e-7d351bcd9cbc","地形","models/b53c94b0-8586-4d86-992e-7d351bcd9cbc.gltf","thumbnails/b53c94b0-8586-4d86-992e-7d351bcd9cbc.png","2.6","https://rh-canvas-files.xiaoyaoyou.com/default/director/dddfc259-ed29-40a6-a054-f1eb88f2e98b.gltf","https://rh-canvas-files.xiaoyaoyou.com/default/director/1af58104-4730-411d-af6d-b5bdf42cf866.png"
"基础模型","JC","862f0823-24bc-40cb-9cf1-3fd9f26c36e7","管道","models/862f0823-24bc-40cb-9cf1-3fd9f26c36e7.gltf","thumbnails/862f0823-24bc-40cb-9cf1-3fd9f26c36e7.png","0.08","https://rh-canvas-files.xiaoyaoyou.com/default/director/3eb384ad-4a18-433c-be95-7f20b391e73c.gltf","https://rh-canvas-files.xiaoyaoyou.com/default/director/55b8084e-1b61-4b27-8262-f21e30b0ab75.png"
"基础模型","JC","fb2e8cfe-fbb1-4bc7-8b6f-e299e5df4c35","立方体","models/fb2e8cfe-fbb1-4bc7-8b6f-e299e5df4c35.gltf","thumbnails/fb2e8cfe-fbb1-4bc7-8b6f-e299e5df4c35.png","0","https://rh-canvas-files.xiaoyaoyou.com/default/director/034ecda8-fa31-470f-a845-26d1e63262ce.gltf","https://rh-canvas-files.xiaoyaoyou.com/default/director/ce16c56c-642b-4ab1-9321-dbb959b73b63.png"
"基础模型","JC","dd9e37cf-cad0-44f0-99f6-7a85432f6a9c","球体","models/dd9e37cf-cad0-44f0-99f6-7a85432f6a9c.gltf","thumbnails/dd9e37cf-cad0-44f0-99f6-7a85432f6a9c.png","0.13","https://rh-canvas-files.xiaoyaoyou.com/default/director/b75ccfbb-cb6c-4f56-8b27-5c36a97a7fcc.gltf","https://rh-canvas-files.xiaoyaoyou.com/default/director/7afc12c6-79fa-4ee6-b8f5-bc8a0a53cb45.png"
"基础模型","JC","9d155e18-f977-4a91-9ff8-512843c67421","斜坡","models/9d155e18-f977-4a91-9ff8-512843c67421.gltf","thumbnails/9d155e18-f977-4a91-9ff8-512843c67421.png","0","https://rh-canvas-files.xiaoyaoyou.com/default/director/054cea6a-9e0c-4ed0-85a6-245c52afeb2b.gltf","https://rh-canvas-files.xiaoyaoyou.com/default/director/21741b35-4635-439e-9480-57eeb34dce06.png"
"基础模型","JC","03f4ac51-1d75-4982-b9dd-b1ac2d789b7e","圆环体","models/03f4ac51-1d75-4982-b9dd-b1ac2d789b7e.gltf","thumbnails/03f4ac51-1d75-4982-b9dd-b1ac2d789b7e.png","0.13","https://rh-canvas-files.xiaoyaoyou.com/default/director/0f3e5a86-9702-4701-9ca2-dd190faa7ec9.gltf","https://rh-canvas-files.xiaoyaoyou.com/default/director/4bc5deb4-09e7-4925-9395-fba45dfb9c14.png"
"基础模型","JC","c3a2d9cb-314a-425c-9636-85b241a19afe","圆柱体","models/c3a2d9cb-314a-425c-9636-85b241a19afe.gltf","thumbnails/c3a2d9cb-314a-425c-9636-85b241a19afe.png","0.02","https://rh-canvas-files.xiaoyaoyou.com/default/director/7cc88b11-2e0f-4bba-b5fc-a35e9731e796.gltf","https://rh-canvas-files.xiaoyaoyou.com/default/director/8e11dd69-c8ff-42f3-838a-0b3c4c47c9cb.png"
"基础模型","JC","6ccfbe0f-6b9a-487c-a080-d9d5ff4a9194","圆锥体","models/6ccfbe0f-6b9a-487c-a080-d9d5ff4a9194.gltf","thumbnails/6ccfbe0f-6b9a-487c-a080-d9d5ff4a9194.png","0.02","https://rh-canvas-files.xiaoyaoyou.com/default/director/a1681321-aba6-4d6b-9db3-aaf8fc3a9e84.gltf","https://rh-canvas-files.xiaoyaoyou.com/default/director/161e9847-9ded-4f8f-8d43-3c81848db6c5.png"
"基础模型","JC","f36561f4-ef2c-4358-9600-836c3982e00d","平面","models/f36561f4-ef2c-4358-9600-836c3982e00d.gltf","thumbnails/f36561f4-ef2c-4358-9600-836c3982e00d.png","0","https://rh-canvas-files.xiaoyaoyou.com/default/director/21bd71c4-c80b-4614-86fe-8ce446c4db12.gltf","https://rh-canvas-files.xiaoyaoyou.com/default/director/2fbf2efe-6378-4426-a81a-07856ba50d4c.png"
"基础模型","JC","c412f964-e5ca-4f3b-bee1-98447367fba7","圆盘","models/c412f964-e5ca-4f3b-bee1-98447367fba7.gltf","thumbnails/c412f964-e5ca-4f3b-bee1-98447367fba7.png","0.01","https://rh-canvas-files.xiaoyaoyou.com/default/director/b224e008-550e-41b7-818b-0daf721d052b.gltf","https://rh-canvas-files.xiaoyaoyou.com/default/director/2f7da819-420d-4062-b708-16eec5f6a064.png"
"人物","RW","390ccb80-74b8-4e10-b6fc-7baf2898a4a9","建筑工人-01","models/390ccb80-74b8-4e10-b6fc-7baf2898a4a9.gltf","thumbnails/390ccb80-74b8-4e10-b6fc-7baf2898a4a9.png","1.53","https://rh-canvas-files.xiaoyaoyou.com/default/director/14f0102a-b7bc-4ed7-a508-102259ffda15.gltf","https://rh-canvas-files.xiaoyaoyou.com/default/director/3132f0db-dcdb-4650-bcc5-f5a8dee8a4ca.png"
"人物","RW","ac6eea90-a183-4881-baf0-ec6bfd589cdd","建筑工人-02","models/ac6eea90-a183-4881-baf0-ec6bfd589cdd.gltf","thumbnails/ac6eea90-a183-4881-baf0-ec6bfd589cdd.png","1.53","https://rh-canvas-files.xiaoyaoyou.com/default/director/abe0cebb-c051-47b3-aae1-16a0b8454150.gltf","https://rh-canvas-files.xiaoyaoyou.com/default/director/f47539c1-468b-49b8-8410-134c8d7b069b.png"
"人物","RW","8bd8e378-2db1-496d-b956-d8beaed4328b","建筑工人-03","models/8bd8e378-2db1-496d-b956-d8beaed4328b.gltf","thumbnails/8bd8e378-2db1-496d-b956-d8beaed4328b.png","1.53","https://rh-canvas-files.xiaoyaoyou.com/default/director/fbc2818e-8b8d-4293-bd94-80e070393149.gltf","https://rh-canvas-files.xiaoyaoyou.com/default/director/e52bf308-685d-42ab-a274-753bb63682b4.png"
"人物","RW","5a9732f0-cbe6-4b16-bfa7-f90931fedf7c","建筑工人-04","models/5a9732f0-cbe6-4b16-bfa7-f90931fedf7c.gltf","thumbnails/5a9732f0-cbe6-4b16-bfa7-f90931fedf7c.png","1.53","https://rh-canvas-files.xiaoyaoyou.com/default/director/2f7f11ec-c9aa-47d8-b67c-afe057108396.gltf","https://rh-canvas-files.xiaoyaoyou.com/default/director/8f241983-66bf-46da-a6df-353482750335.png"
"人物","RW","c4910085-0242-4240-a15c-d1a1e814940a","建筑工人-05","models/c4910085-0242-4240-a15c-d1a1e814940a.gltf","thumbnails/c4910085-0242-4240-a15c-d1a1e814940a.png","1.53","https://rh-canvas-files.xiaoyaoyou.com/default/director/53dc568d-ce95-45e6-b5c6-5efaf1e23a86.gltf","https://rh-canvas-files.xiaoyaoyou.com/default/director/4b4a24f3-f3fd-4df6-8925-022efb5bc35e.png"
"人物","RW","202c0fbe-c2cb-4638-ad68-679d0b29ac07","警察-法警","models/202c0fbe-c2cb-4638-ad68-679d0b29ac07.gltf","thumbnails/202c0fbe-c2cb-4638-ad68-679d0b29ac07.png","0.69","https://rh-canvas-files.xiaoyaoyou.com/default/director/681a2195-99fb-4f89-b500-2dc5d4d886cf.gltf","https://rh-canvas-files.xiaoyaoyou.com/default/director/afdc2cbf-7311-44fa-8efd-a3d69fb5efba.png"
"人物","RW","db0d79c5-146f-4e68-9f72-6fbaf9109d3b","警察-特警","models/db0d79c5-146f-4e68-9f72-6fbaf9109d3b.gltf","thumbnails/db0d79c5-146f-4e68-9f72-6fbaf9109d3b.png","0.71","https://rh-canvas-files.xiaoyaoyou.com/default/director/447ab236-6914-48d5-b2bb-5b88bcdb02f8.gltf","https://rh-canvas-files.xiaoyaoyou.com/default/director/c12fa4b5-d551-4898-8319-dfd41cb2c058.png"
"人物","RW","8c79f6fd-90f9-4748-911e-077ec4a827bb","消防员-01","models/8c79f6fd-90f9-4748-911e-077ec4a827bb.gltf","thumbnails/8c79f6fd-90f9-4748-911e-077ec4a827bb.png","4.68","https://rh-canvas-files.xiaoyaoyou.com/default/director/ade7cbdb-c534-4a15-9a97-33e417680518.gltf","https://rh-canvas-files.xiaoyaoyou.com/default/director/b052200c-aba7-415f-9554-0a029c90bc8b.png"
"人物","RW","9199053d-c0cd-417c-afe0-0f6dfc172f7f","消防员-02","models/9199053d-c0cd-417c-afe0-0f6dfc172f7f.gltf","thumbnails/9199053d-c0cd-417c-afe0-0f6dfc172f7f.png","13.84","https://rh-canvas-files.xiaoyaoyou.com/default/director/1d189660-85d9-4c72-9cb2-8f6fae10319b.gltf","https://rh-canvas-files.xiaoyaoyou.com/default/director/2acd81e1-eab8-4a2d-99cb-849f8647a20f.png"
"人物","RW","3138a679-87b1-4f14-99cf-6f8272da4f0e","消防员-03","models/3138a679-87b1-4f14-99cf-6f8272da4f0e.gltf","thumbnails/3138a679-87b1-4f14-99cf-6f8272da4f0e.png","31.91","https://rh-canvas-files.xiaoyaoyou.com/default/director/5ea0b2da-da60-4698-b0c5-7c3f66788b8a.gltf","https://rh-canvas-files.xiaoyaoyou.com/default/director/c7df3354-bada-41e2-935d-6f8d894c3024.png"
"人物","RW","8813052f-c9a4-49ad-9109-b8a1c1186a24","医生-01","models/8813052f-c9a4-49ad-9109-b8a1c1186a24.gltf","thumbnails/8813052f-c9a4-49ad-9109-b8a1c1186a24.png","23.74","https://rh-canvas-files.xiaoyaoyou.com/default/director/13a680ce-0004-46be-a6ac-28f74c5ab543.gltf","https://rh-canvas-files.xiaoyaoyou.com/default/director/34fc5a20-a042-4736-884e-fb04572d4047.png"
"人物","RW","d72b32ba-ecb0-4121-99b3-a063830160e8","医生-02","models/d72b32ba-ecb0-4121-99b3-a063830160e8.gltf","thumbnails/d72b32ba-ecb0-4121-99b3-a063830160e8.png","6.86","https://rh-canvas-files.xiaoyaoyou.com/default/director/5e5b6db7-e00c-44fd-80a7-67bbea186d5e.gltf","https://rh-canvas-files.xiaoyaoyou.com/default/director/30040e4b-f349-463c-9df7-babf4200dac6.png"
"人物","RW","4cbf2296-b4f0-43c5-aedd-2d4011cf2ba8","医生-03","models/4cbf2296-b4f0-43c5-aedd-2d4011cf2ba8.gltf","thumbnails/4cbf2296-b4f0-43c5-aedd-2d4011cf2ba8.png","2.62","https://rh-canvas-files.xiaoyaoyou.com/default/director/70f27399-e960-496e-b454-5c75d9c458ff.gltf","https://rh-canvas-files.xiaoyaoyou.com/default/director/6f7222c1-1a26-4c92-8e7f-a97fa8a96689.png"
"人物","RW","8a05dc3c-02b4-4f74-9c57-b6a6ecea51c2","医生-04","models/8a05dc3c-02b4-4f74-9c57-b6a6ecea51c2.gltf","thumbnails/8a05dc3c-02b4-4f74-9c57-b6a6ecea51c2.png","6.87","https://rh-canvas-files.xiaoyaoyou.com/default/director/78c3b41d-ce85-49c4-97cf-27ec72d78e72.gltf","https://rh-canvas-files.xiaoyaoyou.com/default/director/b9ae3779-964a-4d3d-94c0-568db196b466.png"
"人物","RW","73e5d5a3-ae7f-448d-92ed-6a30f96ddfce","医生-05","models/73e5d5a3-ae7f-448d-92ed-6a30f96ddfce.gltf","thumbnails/73e5d5a3-ae7f-448d-92ed-6a30f96ddfce.png","8.2","https://rh-canvas-files.xiaoyaoyou.com/default/director/d047cbe7-ad76-4f46-841e-f0ef3105328e.gltf","https://rh-canvas-files.xiaoyaoyou.com/default/director/2fb62e0d-b153-4f8d-9090-ffed8bf245c9.png"
"人物","RW","fbafd599-10dd-4ce9-84e4-a6417648f346","医生-06","models/fbafd599-10dd-4ce9-84e4-a6417648f346.gltf","thumbnails/fbafd599-10dd-4ce9-84e4-a6417648f346.png","0.87","https://rh-canvas-files.xiaoyaoyou.com/default/director/3268ca1b-b55e-4c4e-a724-b965c88974ad.gltf","https://rh-canvas-files.xiaoyaoyou.com/default/director/2a105958-8dac-4580-a6c1-014917c70214.png"
"人物","RW","b2578c2f-73f7-4057-a899-d0bdf7272081","宇航员","models/b2578c2f-73f7-4057-a899-d0bdf7272081.gltf","thumbnails/b2578c2f-73f7-4057-a899-d0bdf7272081.png","8.44","https://rh-canvas-files.xiaoyaoyou.com/default/director/33d18afa-2af4-47f9-8c40-6d8f76ecd3b8.gltf","https://rh-canvas-files.xiaoyaoyou.com/default/director/8e9b829f-b98f-42fe-a73a-15d0e812b179.png"
"人物","RW","b630f1e0-c4d9-4daa-bd61-00e47d75f7ca","职场男-01","models/b630f1e0-c4d9-4daa-bd61-00e47d75f7ca.gltf","thumbnails/b630f1e0-c4d9-4daa-bd61-00e47d75f7ca.png","6.87","https://rh-canvas-files.xiaoyaoyou.com/default/director/17bed0a1-9498-4932-83b2-e11691d64ab3.gltf","https://rh-canvas-files.xiaoyaoyou.com/default/director/633770b0-b4c6-4b41-9839-30f8df7beafb.png"
"人物","RW","5a6cbf88-6904-429a-a903-06d43346c8ff","职场男-02","models/5a6cbf88-6904-429a-a903-06d43346c8ff.gltf","thumbnails/5a6cbf88-6904-429a-a903-06d43346c8ff.png","6.87","https://rh-canvas-files.xiaoyaoyou.com/default/director/dc455a32-b1b0-42cb-8087-17c039dac018.gltf","https://rh-canvas-files.xiaoyaoyou.com/default/director/317c1144-653a-4c2c-b25d-b3185b41a741.png"
"人物","RW","55a24360-7304-4431-8f41-7ee8e6a42740","职场女-01","models/55a24360-7304-4431-8f41-7ee8e6a42740.gltf","thumbnails/55a24360-7304-4431-8f41-7ee8e6a42740.png","6.87","https://rh-canvas-files.xiaoyaoyou.com/default/director/bdbfac19-8563-46fd-8e0d-4a20118509bc.gltf","https://rh-canvas-files.xiaoyaoyou.com/default/director/62bb6a18-c209-4f8f-ab82-343dec9a1f1e.png"
"人物","RW","1281679e-b111-48ff-b60b-f9e2a56abf4a","职场女-02","models/1281679e-b111-48ff-b60b-f9e2a56abf4a.gltf","thumbnails/1281679e-b111-48ff-b60b-f9e2a56abf4a.png","6.87","https://rh-canvas-files.xiaoyaoyou.com/default/director/067984cf-ac3e-4474-bf94-3e12e8b5ae06.gltf","https://rh-canvas-files.xiaoyaoyou.com/default/director/b9a4555f-7856-43e7-95d4-30a6e053221b.png"
"人物","RW","7f3a5d56-fa04-4678-9ac6-faf16abf8c14","盔甲01-汉代","models/7f3a5d56-fa04-4678-9ac6-faf16abf8c14.gltf","thumbnails/7f3a5d56-fa04-4678-9ac6-faf16abf8c14.png","11.15","https://rh-canvas-files.xiaoyaoyou.com/default/director/a091cf99-cbb2-4cda-ba42-1481d5a1345e.gltf","https://rh-canvas-files.xiaoyaoyou.com/default/director/569aacf2-66e9-4d7a-93d4-12a77458d3dd.png"
"人物","RW","afd0a6e8-9ba8-426f-8a11-fa219c03be08","盔甲02-汉代","models/afd0a6e8-9ba8-426f-8a11-fa219c03be08.gltf","thumbnails/afd0a6e8-9ba8-426f-8a11-fa219c03be08.png","13.25","https://rh-canvas-files.xiaoyaoyou.com/default/director/216edf3b-05ff-438c-a550-a446df5fa94f.gltf","https://rh-canvas-files.xiaoyaoyou.com/default/director/75b6dce1-55c3-4a4e-b8c3-ddc04f184785.png"
"人物","RW","26a456ce-ac3a-4d36-be94-4630a94f4991","盔甲-明代","models/26a456ce-ac3a-4d36-be94-4630a94f4991.gltf","thumbnails/26a456ce-ac3a-4d36-be94-4630a94f4991.png","10.89","https://rh-canvas-files.xiaoyaoyou.com/default/director/08523079-1a80-463e-821a-3c377e601c1b.gltf","https://rh-canvas-files.xiaoyaoyou.com/default/director/9ba14257-f8f4-4f4b-86a9-03d64e076301.png"
"人物","RW","1da4fe3c-8361-4d8e-8f8f-d23a8ece010d","盔甲01-明代","models/1da4fe3c-8361-4d8e-8f8f-d23a8ece010d.gltf","thumbnails/1da4fe3c-8361-4d8e-8f8f-d23a8ece010d.png","10.75","https://rh-canvas-files.xiaoyaoyou.com/default/director/4a051312-12f6-48d7-8673-7833813a7543.gltf","https://rh-canvas-files.xiaoyaoyou.com/default/director/19cb52f1-5cd2-4c05-97bb-12f2fa3120ce.png"
"人物","RW","b75bc253-d22f-4628-8b11-5833531d6b5c","盔甲02-明代","models/b75bc253-d22f-4628-8b11-5833531d6b5c.gltf","thumbnails/b75bc253-d22f-4628-8b11-5833531d6b5c.png","11.14","https://rh-canvas-files.xiaoyaoyou.com/default/director/70bc9d32-0d8e-440b-8d0d-17159a1ac22e.gltf","https://rh-canvas-files.xiaoyaoyou.com/default/director/64854f8b-cc0d-42cb-b478-30c86a48ad40.png"
"人物","RW","e748f8f5-bc67-4753-b1b9-df59ddf11410","盔甲-秦代","models/e748f8f5-bc67-4753-b1b9-df59ddf11410.gltf","thumbnails/e748f8f5-bc67-4753-b1b9-df59ddf11410.png","0.31","https://rh-canvas-files.xiaoyaoyou.com/default/director/ab0e748d-8ec0-4fef-8daf-7249d9e0da00.gltf","https://rh-canvas-files.xiaoyaoyou.com/default/director/ab633217-efd0-4af9-a9b7-073da80a7935.png"
"人物","RW","629e73ce-18d2-4aa2-b94c-6595902944d1","盔甲-清代","models/629e73ce-18d2-4aa2-b94c-6595902944d1.gltf","thumbnails/629e73ce-18d2-4aa2-b94c-6595902944d1.png","10.94","https://rh-canvas-files.xiaoyaoyou.com/default/director/680d2587-e190-4d31-b314-50770b92c439.gltf","https://rh-canvas-files.xiaoyaoyou.com/default/director/8291d4fb-b855-40b5-a024-b00df0929be1.png"
"人物","RW","526ac957-b668-46cf-be64-47c24f6ec1e6","盔甲-唐代","models/526ac957-b668-46cf-be64-47c24f6ec1e6.gltf","thumbnails/526ac957-b668-46cf-be64-47c24f6ec1e6.png","3.1","https://rh-canvas-files.xiaoyaoyou.com/default/director/df3f9347-38b9-497c-b3a4-784a6d8b3688.gltf","https://rh-canvas-files.xiaoyaoyou.com/default/director/f306e869-9544-4af5-b517-7dc6d45270d1.png"
"人物","RW","4faa820c-f4eb-4d5c-a68b-1d4dfa8cc5a0","盔甲-元代","models/4faa820c-f4eb-4d5c-a68b-1d4dfa8cc5a0.gltf","thumbnails/4faa820c-f4eb-4d5c-a68b-1d4dfa8cc5a0.png","7.92","https://rh-canvas-files.xiaoyaoyou.com/default/director/350cde4d-3de4-4bb4-bf5e-c4f4aae6c491.gltf","https://rh-canvas-files.xiaoyaoyou.com/default/director/6ea10f5b-3665-4db2-9bd4-ebc1916b8550.png"
"人物","RW","c2cc2726-68d2-4f9a-8e28-4359a6ad9a7a","农民","models/c2cc2726-68d2-4f9a-8e28-4359a6ad9a7a.gltf","thumbnails/c2cc2726-68d2-4f9a-8e28-4359a6ad9a7a.png","0.42","https://rh-canvas-files.xiaoyaoyou.com/default/director/3dacd73f-92d0-4390-a742-3f4f5e428859.gltf","https://rh-canvas-files.xiaoyaoyou.com/default/director/d6790186-aefe-44df-9b99-275c041a13b2.png"
"人物","RW","bf7bd16d-e5cd-4323-a5fb-2f3b97dccddc","书生","models/bf7bd16d-e5cd-4323-a5fb-2f3b97dccddc.gltf","thumbnails/bf7bd16d-e5cd-4323-a5fb-2f3b97dccddc.png","0.73","https://rh-canvas-files.xiaoyaoyou.com/default/director/d563b238-a2ab-4c33-b356-c1483ed78bee.gltf","https://rh-canvas-files.xiaoyaoyou.com/default/director/c10fe261-4c17-4823-bebc-75e44189774f.png"
"道具","DJ","c5ffb166-73c9-4b72-bc43-690fa9784261","纱帘-左","models/c5ffb166-73c9-4b72-bc43-690fa9784261.gltf","thumbnails/c5ffb166-73c9-4b72-bc43-690fa9784261.png","8.46","https://rh-canvas-files.xiaoyaoyou.com/default/director/b725224c-69cf-43c9-b1f7-d7fe03dc02c5.gltf","https://rh-canvas-files.xiaoyaoyou.com/default/director/80589ca4-b9fe-4f8b-baa0-f74cecb1dabe.png"
"道具","DJ","6241335b-1c0d-4a4f-83c4-64c60d81f83b","纱帘-右","models/6241335b-1c0d-4a4f-83c4-64c60d81f83b.gltf","thumbnails/6241335b-1c0d-4a4f-83c4-64c60d81f83b.png","8.46","https://rh-canvas-files.xiaoyaoyou.com/default/director/4442722c-8185-498a-9432-f3ccab36a3f8.gltf","https://rh-canvas-files.xiaoyaoyou.com/default/director/8ed38a2a-b82d-46ae-a6be-6cb33e0025b1.png"
"道具","DJ","256854bc-e2de-4d87-91ab-001235a10e2b","窗帘","models/256854bc-e2de-4d87-91ab-001235a10e2b.gltf","thumbnails/256854bc-e2de-4d87-91ab-001235a10e2b.png","21.87","https://rh-canvas-files.xiaoyaoyou.com/default/director/90044140-2bbe-4662-923a-51a3af093332.gltf","https://rh-canvas-files.xiaoyaoyou.com/default/director/79bff044-d55c-4df2-bde9-c77ca6298427.png"
"道具","DJ","ef74e4ea-f1e7-4f40-87f1-3030bbc8c546","中药柜","models/ef74e4ea-f1e7-4f40-87f1-3030bbc8c546.gltf","thumbnails/ef74e4ea-f1e7-4f40-87f1-3030bbc8c546.png","3.52","https://rh-canvas-files.xiaoyaoyou.com/default/director/59292fd4-cdef-43f7-b20c-7c8086c1b429.gltf","https://rh-canvas-files.xiaoyaoyou.com/default/director/9430e2f2-ac4f-4ec1-8f24-1ed2aa5956d7.png"
"道具","DJ","6747ac3e-a375-4599-a866-0b3db7eb4880","柜子","models/6747ac3e-a375-4599-a866-0b3db7eb4880.gltf","thumbnails/6747ac3e-a375-4599-a866-0b3db7eb4880.png","0.79","https://rh-canvas-files.xiaoyaoyou.com/default/director/8d14acb0-1f9f-4c3d-8661-1debf89d3dbd.gltf","https://rh-canvas-files.xiaoyaoyou.com/default/director/d933ec37-33f3-445f-a495-dd8207eb32b7.png"
"道具","DJ","850aca46-0cd7-438a-b8de-a3439a3c06bc","人体工学椅","models/850aca46-0cd7-438a-b8de-a3439a3c06bc.gltf","thumbnails/850aca46-0cd7-438a-b8de-a3439a3c06bc.png","20.33","https://rh-canvas-files.xiaoyaoyou.com/default/director/47eb3862-b27c-4eff-8a9a-72b34c9665f4.gltf","https://rh-canvas-files.xiaoyaoyou.com/default/director/29f73c98-c571-4fa0-99b3-5b0ddedfd4ab.png"
"道具","DJ","d3a48f3f-08c5-4f59-8a5c-3103c4446a63","椅子","models/d3a48f3f-08c5-4f59-8a5c-3103c4446a63.gltf","thumbnails/d3a48f3f-08c5-4f59-8a5c-3103c4446a63.png","10.44","https://rh-canvas-files.xiaoyaoyou.com/default/director/b630adfa-5bf5-445f-bb13-12acbe29464c.gltf","https://rh-canvas-files.xiaoyaoyou.com/default/director/442fb5d4-3905-4b7f-b5d1-0681ae3064dc.png"
"道具","DJ","44041688-13d9-4aad-aad9-8956f5f0b3b6","桌子","models/44041688-13d9-4aad-aad9-8956f5f0b3b6.gltf","thumbnails/44041688-13d9-4aad-aad9-8956f5f0b3b6.png","0.32","https://rh-canvas-files.xiaoyaoyou.com/default/director/a228016e-1d13-406e-bd1d-947bb9e83e22.gltf","https://rh-canvas-files.xiaoyaoyou.com/default/director/77f2a76b-5da1-48e1-9b67-55b583f0acd1.png"
"道具","DJ","95da5486-66c4-401d-8dbd-0ebcc7fd94cf","沙发","models/95da5486-66c4-401d-8dbd-0ebcc7fd94cf.gltf","thumbnails/95da5486-66c4-401d-8dbd-0ebcc7fd94cf.png","12.76","https://rh-canvas-files.xiaoyaoyou.com/default/director/6b2cac4d-0648-439e-8979-dc91b8f1daf3.gltf","https://rh-canvas-files.xiaoyaoyou.com/default/director/c7074942-fd3c-487a-9ad1-413e278394cc.png"
"道具","DJ","0238c7d1-d39e-4365-8f71-76abed343835","鼓凳","models/0238c7d1-d39e-4365-8f71-76abed343835.gltf","thumbnails/0238c7d1-d39e-4365-8f71-76abed343835.png","1.27","https://rh-canvas-files.xiaoyaoyou.com/default/director/02f1d1b8-3548-47d4-af94-3042e4f89bc7.gltf","https://rh-canvas-files.xiaoyaoyou.com/default/director/cdf7361a-5c64-41dc-9290-bfb9691593c6.png"
"道具","DJ","6c67c08f-9a07-47df-9f93-193f7a4591ef","交椅","models/6c67c08f-9a07-47df-9f93-193f7a4591ef.gltf","thumbnails/6c67c08f-9a07-47df-9f93-193f7a4591ef.png","0.33","https://rh-canvas-files.xiaoyaoyou.com/default/director/f5755616-7e1e-487b-98dd-bf96ffcf9e98.gltf","https://rh-canvas-files.xiaoyaoyou.com/default/director/0d24d4dc-a674-4f92-a218-cf5b1547c889.png"
"道具","DJ","29f9b1a3-d86a-4b82-ab70-e511668b41bb","官帽椅","models/29f9b1a3-d86a-4b82-ab70-e511668b41bb.gltf","thumbnails/29f9b1a3-d86a-4b82-ab70-e511668b41bb.png","0.76","https://rh-canvas-files.xiaoyaoyou.com/default/director/b1129a85-5c90-4e96-a716-b9d15bea6143.gltf","https://rh-canvas-files.xiaoyaoyou.com/default/director/f6510d6a-53ea-4df9-93fa-2050ddc3cb0c.png"
"道具","DJ","64671cf5-3a53-47ad-bd89-69ca319afb47","屏风","models/64671cf5-3a53-47ad-bd89-69ca319afb47.gltf","thumbnails/64671cf5-3a53-47ad-bd89-69ca319afb47.png","68.68","https://rh-canvas-files.xiaoyaoyou.com/default/director/17d2ce0c-e926-45e8-b2bf-5af4c157598d.gltf","https://rh-canvas-files.xiaoyaoyou.com/default/director/ea33ea37-a324-4872-9480-ac7dd281650e.png"
"道具","DJ","0c6a2cf7-5ba9-48c4-baa0-1f8138b91b1f","刀","models/0c6a2cf7-5ba9-48c4-baa0-1f8138b91b1f.gltf","thumbnails/0c6a2cf7-5ba9-48c4-baa0-1f8138b91b1f.png","0.06","https://rh-canvas-files.xiaoyaoyou.com/default/director/16e9279a-7090-4eed-9da5-8ea8f99ce366.gltf","https://rh-canvas-files.xiaoyaoyou.com/default/director/47b3bf1d-50c7-4048-bd24-97b34872c6bf.png"
"道具","DJ","e7a39516-5df4-4089-b382-75f303ea4c9a","盾","models/e7a39516-5df4-4089-b382-75f303ea4c9a.gltf","thumbnails/e7a39516-5df4-4089-b382-75f303ea4c9a.png","0.05","https://rh-canvas-files.xiaoyaoyou.com/default/director/2a216656-629a-4c60-b8d5-9f143bda9e77.gltf","https://rh-canvas-files.xiaoyaoyou.com/default/director/c661d985-9242-455d-89a5-95ab30d0ee4d.png"
"道具","DJ","86abf1db-5cf6-457a-b9dd-1c99ceeaad50","弓箭","models/86abf1db-5cf6-457a-b9dd-1c99ceeaad50.gltf","thumbnails/86abf1db-5cf6-457a-b9dd-1c99ceeaad50.png","0.23","https://rh-canvas-files.xiaoyaoyou.com/default/director/8ae3e9ba-a349-4f95-8c55-28114be76717.gltf","https://rh-canvas-files.xiaoyaoyou.com/default/director/025dcaf6-30c7-4625-8c54-43fc9efcba07.png"
"道具","DJ","4db43d24-cf18-4fbc-bcac-0e642fcc7b7c","剑","models/4db43d24-cf18-4fbc-bcac-0e642fcc7b7c.gltf","thumbnails/4db43d24-cf18-4fbc-bcac-0e642fcc7b7c.png","0.08","https://rh-canvas-files.xiaoyaoyou.com/default/director/3229382e-9209-4e40-b506-7e346d8ee814.gltf","https://rh-canvas-files.xiaoyaoyou.com/default/director/0867c6e1-2642-423a-8bff-6948788fb4dd.png"
"道具","DJ","5f9a6e2a-bdf1-47f9-a372-021f9bfdc25c","枪","models/5f9a6e2a-bdf1-47f9-a372-021f9bfdc25c.gltf","thumbnails/5f9a6e2a-bdf1-47f9-a372-021f9bfdc25c.png","0.24","https://rh-canvas-files.xiaoyaoyou.com/default/director/a47cc826-5182-46f8-9658-d297003a7a3c.gltf","https://rh-canvas-files.xiaoyaoyou.com/default/director/d6288643-2c30-49f6-9d9f-423912e94024.png"
"道具","DJ","8e354398-23c3-48e0-b15e-e8a6453401c4","长刀","models/8e354398-23c3-48e0-b15e-e8a6453401c4.gltf","thumbnails/8e354398-23c3-48e0-b15e-e8a6453401c4.png","0.07","https://rh-canvas-files.xiaoyaoyou.com/default/director/71194389-b766-47d2-8ca4-8dab5777eb04.gltf","https://rh-canvas-files.xiaoyaoyou.com/default/director/bfa4fbc5-da56-4edd-909f-e62c1e9c8f55.png"
"场景","CJ","deecfcfc-b48f-4d32-975d-755ba536abb8","别墅01","models/deecfcfc-b48f-4d32-975d-755ba536abb8.gltf","thumbnails/deecfcfc-b48f-4d32-975d-755ba536abb8.png","14.57","https://rh-canvas-files.xiaoyaoyou.com/default/director/d464518d-d515-4c02-81d7-6efbf613964a.gltf","https://rh-canvas-files.xiaoyaoyou.com/default/director/1cff0a8d-eb82-4787-8de8-3f260d72c581.png"
"场景","CJ","1c263be5-7c5a-4e4d-85e5-ad8cd92ea057","别墅02","models/1c263be5-7c5a-4e4d-85e5-ad8cd92ea057.gltf","thumbnails/1c263be5-7c5a-4e4d-85e5-ad8cd92ea057.png","19.14","https://rh-canvas-files.xiaoyaoyou.com/default/director/a232d59e-364c-4d03-8855-58c6c17d5232.gltf","https://rh-canvas-files.xiaoyaoyou.com/default/director/2b71c6d5-c521-437f-87c9-50107e4c5ee8.png"
"场景","CJ","574794ea-7c84-4928-ad57-43d4037f075b","城市群","models/574794ea-7c84-4928-ad57-43d4037f075b.gltf","thumbnails/574794ea-7c84-4928-ad57-43d4037f075b.png","54.94","https://rh-canvas-files.xiaoyaoyou.com/default/director/9febf240-cb49-4e3d-b2d2-357b679270b2.gltf","https://rh-canvas-files.xiaoyaoyou.com/default/director/80fbcbfc-05bc-481a-aa70-fbe1b186d84e.png"
"场景","CJ","e281c4a2-602f-499c-ab8b-c64ccdb2f208","八角塔","models/e281c4a2-602f-499c-ab8b-c64ccdb2f208.gltf","thumbnails/e281c4a2-602f-499c-ab8b-c64ccdb2f208.png","23.01","https://rh-canvas-files.xiaoyaoyou.com/default/director/c841825c-dd19-4782-92ee-8661b71a6e05.gltf","https://rh-canvas-files.xiaoyaoyou.com/default/director/f9b3fa5e-6b94-4938-9e50-74af179dbf6c.png"
"场景","CJ","f332e6c6-57f3-48ff-adfc-7083c628e3ea","城楼","models/f332e6c6-57f3-48ff-adfc-7083c628e3ea.gltf","thumbnails/f332e6c6-57f3-48ff-adfc-7083c628e3ea.png","0.85","https://rh-canvas-files.xiaoyaoyou.com/default/director/c3164e35-321b-4eb2-93fa-ad880a8ba1b2.gltf","https://rh-canvas-files.xiaoyaoyou.com/default/director/ed7d6f5c-e43f-4856-a684-bad2c65f5548.png"
"场景","CJ","25e2a7b7-3e9f-4d37-b56c-7c02bb630116","城墙","models/25e2a7b7-3e9f-4d37-b56c-7c02bb630116.gltf","thumbnails/25e2a7b7-3e9f-4d37-b56c-7c02bb630116.png","0.13","https://rh-canvas-files.xiaoyaoyou.com/default/director/92d4f336-edeb-43d3-9f63-b9bd92a3d229.gltf","https://rh-canvas-files.xiaoyaoyou.com/default/director/081095be-5be6-4730-922d-0dd75eefb11c.png"
"场景","CJ","3647b38e-2150-4393-99eb-a1384290c41f","大殿","models/3647b38e-2150-4393-99eb-a1384290c41f.gltf","thumbnails/3647b38e-2150-4393-99eb-a1384290c41f.png","1.01","https://rh-canvas-files.xiaoyaoyou.com/default/director/4d54a29b-994a-40b5-ae78-1556c170926a.gltf","https://rh-canvas-files.xiaoyaoyou.com/default/director/a4fa9c13-0d25-441b-94ba-7cb99172d426.png"
"场景","CJ","921d8749-18cd-4489-b3b8-9a19f0fe4a15","牌坊","models/921d8749-18cd-4489-b3b8-9a19f0fe4a15.gltf","thumbnails/921d8749-18cd-4489-b3b8-9a19f0fe4a15.png","52.25","https://rh-canvas-files.xiaoyaoyou.com/default/director/0aafc847-a552-4867-952d-909d267f8b94.gltf","https://rh-canvas-files.xiaoyaoyou.com/default/director/5a57dc6c-d5a4-4f11-8001-24c6ba526a2c.png"
"场景","CJ","adb34282-a6db-41f4-a4a2-36eb055f8431","建筑01","models/adb34282-a6db-41f4-a4a2-36eb055f8431.gltf","thumbnails/adb34282-a6db-41f4-a4a2-36eb055f8431.png","28.13","https://rh-canvas-files.xiaoyaoyou.com/default/director/30dd1ff9-8b9d-44c0-a83e-f4816cb78f6d.gltf","https://rh-canvas-files.xiaoyaoyou.com/default/director/f87f574b-0efe-4b57-a7b0-c2aadc17ac5e.png"
"场景","CJ","5ca4f0b9-8156-4bbb-95c0-31cddc7e31cf","建筑02","models/5ca4f0b9-8156-4bbb-95c0-31cddc7e31cf.gltf","thumbnails/5ca4f0b9-8156-4bbb-95c0-31cddc7e31cf.png","5.89","https://rh-canvas-files.xiaoyaoyou.com/default/director/5dbac765-b642-492b-947c-e42d5343cd58.gltf","https://rh-canvas-files.xiaoyaoyou.com/default/director/982961db-e0d0-4aa9-9da1-c84726fdd423.png"
"场景","CJ","28cbaa17-db61-4289-be1c-00c714a771f3","概念场景","models/28cbaa17-db61-4289-be1c-00c714a771f3.gltf","thumbnails/28cbaa17-db61-4289-be1c-00c714a771f3.png","51.05","https://rh-canvas-files.xiaoyaoyou.com/default/director/955c9ebe-e1df-4ced-8958-38ea74410a47.gltf","https://rh-canvas-files.xiaoyaoyou.com/default/director/43135582-7e3d-47b7-8bd0-1a1a19902ca2.png"
"场景","CJ","01831e6b-4419-475f-878f-dbf2c77c80a6","概念场景01","models/01831e6b-4419-475f-878f-dbf2c77c80a6.gltf","thumbnails/01831e6b-4419-475f-878f-dbf2c77c80a6.png","2.89","https://rh-canvas-files.xiaoyaoyou.com/default/director/d9e9ba9a-f611-4af2-8811-68137d73a96f.gltf","https://rh-canvas-files.xiaoyaoyou.com/default/director/f6f9d6ec-8027-4b6c-b9b1-ecf978c318a4.png"
"交通工具","JT","5e144b69-90e6-4624-a5c6-18596991348c","轰炸机","models/5e144b69-90e6-4624-a5c6-18596991348c.gltf","thumbnails/5e144b69-90e6-4624-a5c6-18596991348c.png","21.62","https://rh-canvas-files.xiaoyaoyou.com/default/director/540b07d2-be5f-4809-a1ae-5d60a6c53b5a.gltf","https://rh-canvas-files.xiaoyaoyou.com/default/director/0f3e222a-1907-4313-bb25-078cf8a9dc49.png"
"交通工具","JT","760f7b5d-d6b9-4fa3-a5ac-5969c65b19cf","客机","models/760f7b5d-d6b9-4fa3-a5ac-5969c65b19cf.gltf","thumbnails/760f7b5d-d6b9-4fa3-a5ac-5969c65b19cf.png","0.63","https://rh-canvas-files.xiaoyaoyou.com/default/director/cfdf0749-8f69-485f-bc89-52cfc8055c11.gltf","https://rh-canvas-files.xiaoyaoyou.com/default/director/59b0cea5-62a6-4629-9329-e84ad7e1345f.png"
"交通工具","JT","a3ba6b83-56b0-4483-bbd1-410cbf2c5179","无人机","models/a3ba6b83-56b0-4483-bbd1-410cbf2c5179.gltf","thumbnails/a3ba6b83-56b0-4483-bbd1-410cbf2c5179.png","33.16","https://rh-canvas-files.xiaoyaoyou.com/default/director/d620e4e3-1981-4136-ba95-89fffb071662.gltf","https://rh-canvas-files.xiaoyaoyou.com/default/director/bcf02c86-cb98-462f-b8ff-ae074071ab75.png"
"交通工具","JT","74c5d5d6-3510-4dbb-a36e-f7f9d784bf85","战斗机","models/74c5d5d6-3510-4dbb-a36e-f7f9d784bf85.gltf","thumbnails/74c5d5d6-3510-4dbb-a36e-f7f9d784bf85.png","12.24","https://rh-canvas-files.xiaoyaoyou.com/default/director/2f563029-465c-4474-8fac-dfc038ab4319.gltf","https://rh-canvas-files.xiaoyaoyou.com/default/director/70e25509-4271-4fcb-bf4b-98a8722103d3.png"
"交通工具","JT","1434bfe7-cebd-4229-b0f1-cfe34f0358ff","直升机","models/1434bfe7-cebd-4229-b0f1-cfe34f0358ff.gltf","thumbnails/1434bfe7-cebd-4229-b0f1-cfe34f0358ff.png","48.08","https://rh-canvas-files.xiaoyaoyou.com/default/director/af1f9f10-7f4d-4877-bdb4-cc487d6a9e49.gltf","https://rh-canvas-files.xiaoyaoyou.com/default/director/2a134756-c18e-4338-b086-13b243b902d1.png"
"交通工具","JT","3b71c875-f8fd-461f-a3fc-c2ba7390a77a","轿车","models/3b71c875-f8fd-461f-a3fc-c2ba7390a77a.gltf","thumbnails/3b71c875-f8fd-461f-a3fc-c2ba7390a77a.png","25.25","https://rh-canvas-files.xiaoyaoyou.com/default/director/ca171329-1a22-45d1-b554-73c71374d2f1.gltf","https://rh-canvas-files.xiaoyaoyou.com/default/director/d56c3cea-37b5-4838-9ec6-13b3ea7bc384.png"
"交通工具","JT","0488451e-4367-43f9-a091-763a4faa8520","轿车01","models/0488451e-4367-43f9-a091-763a4faa8520.gltf","thumbnails/0488451e-4367-43f9-a091-763a4faa8520.png","18.29","https://rh-canvas-files.xiaoyaoyou.com/default/director/bf346a16-d4cd-443e-ba99-b1954102978d.gltf","https://rh-canvas-files.xiaoyaoyou.com/default/director/a409e508-79f0-434c-9251-3630128a4593.png"
"交通工具","JT","d67a45d7-d582-49c4-b902-ebc5f9699012","公交车","models/d67a45d7-d582-49c4-b902-ebc5f9699012.gltf","thumbnails/d67a45d7-d582-49c4-b902-ebc5f9699012.png","2.58","https://rh-canvas-files.xiaoyaoyou.com/default/director/a058c857-ef97-4d5d-8bb1-d90da1f69393.gltf","https://rh-canvas-files.xiaoyaoyou.com/default/director/fcca76b1-86e4-4ae9-a636-9bdaf7a608e8.png"
"交通工具","JT","3af1cc50-22b2-4fcf-a0d8-fd289f2ba3f1","货车","models/3af1cc50-22b2-4fcf-a0d8-fd289f2ba3f1.gltf","thumbnails/3af1cc50-22b2-4fcf-a0d8-fd289f2ba3f1.png","4.76","https://rh-canvas-files.xiaoyaoyou.com/default/director/483c5857-a84a-48a2-8d7f-e19ec2cee1bc.gltf","https://rh-canvas-files.xiaoyaoyou.com/default/director/2958e1e7-6eaf-4803-9de0-dae9371b385e.png"
"交通工具","JT","d2a4400a-a8eb-45bb-acdf-2c04d354e25c","摩托车","models/d2a4400a-a8eb-45bb-acdf-2c04d354e25c.gltf","thumbnails/d2a4400a-a8eb-45bb-acdf-2c04d354e25c.png","42.2","https://rh-canvas-files.xiaoyaoyou.com/default/director/045f81d0-08c5-43a5-a9fe-97daeafbeab5.gltf","https://rh-canvas-files.xiaoyaoyou.com/default/director/9b0c4a53-3e05-49ba-bcc3-18ada9b95fe9.png"
"交通工具","JT","fb85e8f0-9a07-4f72-810d-d1a32d734b1e","坦克","models/fb85e8f0-9a07-4f72-810d-d1a32d734b1e.gltf","thumbnails/fb85e8f0-9a07-4f72-810d-d1a32d734b1e.png","16.97","https://rh-canvas-files.xiaoyaoyou.com/default/director/a999ef03-91a8-4a04-8281-446dc31d9fdd.gltf","https://rh-canvas-files.xiaoyaoyou.com/default/director/54834fa5-77ab-46f7-b519-a71f9e6b072e.png"
"交通工具","JT","27b829d0-bc37-475d-a1c0-a414df15047f","自行车","models/27b829d0-bc37-475d-a1c0-a414df15047f.gltf","thumbnails/27b829d0-bc37-475d-a1c0-a414df15047f.png","33.82","https://rh-canvas-files.xiaoyaoyou.com/default/director/060b6513-333b-4128-a6e3-506389c7a6da.gltf","https://rh-canvas-files.xiaoyaoyou.com/default/director/e588c317-27f1-4e15-bc2a-ac73df06eed5.png"
"交通工具","JT","85bf3fcd-4666-4ea7-ba78-4d683906885b","轮船","models/85bf3fcd-4666-4ea7-ba78-4d683906885b.gltf","thumbnails/85bf3fcd-4666-4ea7-ba78-4d683906885b.png","1.38","https://rh-canvas-files.xiaoyaoyou.com/default/director/d204c4a8-0d3c-4353-b707-259aa7b8c0e2.gltf","https://rh-canvas-files.xiaoyaoyou.com/default/director/25e8a9c7-c40b-43ec-bddc-068dbd0723f5.png"
"交通工具","JT","077fee3f-4f3a-4a42-8aea-dd70aa1c1e88","潜艇","models/077fee3f-4f3a-4a42-8aea-dd70aa1c1e88.gltf","thumbnails/077fee3f-4f3a-4a42-8aea-dd70aa1c1e88.png","74.5","https://rh-canvas-files.xiaoyaoyou.com/default/director/335cac1f-904d-45ec-828c-a80052b61be6.gltf","https://rh-canvas-files.xiaoyaoyou.com/default/director/ac148633-7f7c-482d-81ca-a9c0628653b5.png"
"交通工具","JT","f1f1bad8-bfa6-4054-9848-af48359254ad","游艇","models/f1f1bad8-bfa6-4054-9848-af48359254ad.gltf","thumbnails/f1f1bad8-bfa6-4054-9848-af48359254ad.png","10.68","https://rh-canvas-files.xiaoyaoyou.com/default/director/b4f2ffeb-f873-4d6e-b0a7-d76e98c48e47.gltf","https://rh-canvas-files.xiaoyaoyou.com/default/director/bb3884c2-6af4-4dc9-8460-214bbcc5a99a.png"
"交通工具","JT","925e2d14-5786-48ce-8d25-767d86e0c0d0","轿子","models/925e2d14-5786-48ce-8d25-767d86e0c0d0.gltf","thumbnails/925e2d14-5786-48ce-8d25-767d86e0c0d0.png","7.85","https://rh-canvas-files.xiaoyaoyou.com/default/director/d26283b8-0b8e-4555-b6eb-c633f0951a35.gltf","https://rh-canvas-files.xiaoyaoyou.com/default/director/07232f52-84fe-4dce-bf02-4e5bb53f4dbc.png"
"交通工具","JT","f8579bcf-2c82-4ea5-b113-00ddb8d6da53","骆驼","models/f8579bcf-2c82-4ea5-b113-00ddb8d6da53.gltf","thumbnails/f8579bcf-2c82-4ea5-b113-00ddb8d6da53.png","7.17","https://rh-canvas-files.xiaoyaoyou.com/default/director/3c17389d-40a8-45d0-978e-69a3888b763c.gltf","https://rh-canvas-files.xiaoyaoyou.com/default/director/103a06e5-c04e-4305-8fef-af4402cb8e55.png"
"交通工具","JT","f46e75c6-290a-4ab9-b3ab-1f90b7854de8","马车01","models/f46e75c6-290a-4ab9-b3ab-1f90b7854de8.gltf","thumbnails/f46e75c6-290a-4ab9-b3ab-1f90b7854de8.png","6.22","https://rh-canvas-files.xiaoyaoyou.com/default/director/f516a765-3ef4-41aa-866a-0c379034a1e7.gltf","https://rh-canvas-files.xiaoyaoyou.com/default/director/d4367118-11d8-4449-a545-c51acb54737b.png"
"交通工具","JT","b7e556a9-77fa-41e6-a5d7-2f5c14258cd7","马车02","models/b7e556a9-77fa-41e6-a5d7-2f5c14258cd7.gltf","thumbnails/b7e556a9-77fa-41e6-a5d7-2f5c14258cd7.png","6.72","https://rh-canvas-files.xiaoyaoyou.com/default/director/496ec95e-d325-4000-80b2-fbc4aac6b6d2.gltf","https://rh-canvas-files.xiaoyaoyou.com/default/director/f7dcb670-6ac9-40fb-88d4-1ab2432cf1b8.png"
"交通工具","JT","eecbd928-c4d2-4198-ae18-3d23a6f12480","独木舟","models/eecbd928-c4d2-4198-ae18-3d23a6f12480.gltf","thumbnails/eecbd928-c4d2-4198-ae18-3d23a6f12480.png","1.15","https://rh-canvas-files.xiaoyaoyou.com/default/director/124a8e34-a839-4902-8a26-5115d676aac1.gltf","https://rh-canvas-files.xiaoyaoyou.com/default/director/3f0cd84f-255d-4f92-9be4-e7d06c12496e.png"
"交通工具","JT","bdc230bc-0286-4c07-a29a-a2a408cad3bf","帆船","models/bdc230bc-0286-4c07-a29a-a2a408cad3bf.gltf","thumbnails/bdc230bc-0286-4c07-a29a-a2a408cad3bf.png","4.28","https://rh-canvas-files.xiaoyaoyou.com/default/director/ba90bf59-e06b-45cb-a8df-004df88af54d.gltf","https://rh-canvas-files.xiaoyaoyou.com/default/director/ce954fa1-afeb-4438-967d-a6c4b9db0e72.png"
"交通工具","JT","22359b35-afd3-44d1-98a0-126b873b1342","渔船","models/22359b35-afd3-44d1-98a0-126b873b1342.gltf","thumbnails/22359b35-afd3-44d1-98a0-126b873b1342.png","0.35","https://rh-canvas-files.xiaoyaoyou.com/default/director/f7a559f4-14d7-4925-9388-390f904c9dfe.gltf","https://rh-canvas-files.xiaoyaoyou.com/default/director/341db305-db13-4080-8aff-f2a886d6e69d.png"
"交通工具","JT","57287143-faa6-47e5-88e0-f76416b75f86","飞船","models/57287143-faa6-47e5-88e0-f76416b75f86.gltf","thumbnails/57287143-faa6-47e5-88e0-f76416b75f86.png","5.13","https://rh-canvas-files.xiaoyaoyou.com/default/director/9d501eb6-73b0-4b95-a3c4-834da21f6ed1.gltf","https://rh-canvas-files.xiaoyaoyou.com/default/director/8808b6f7-78a3-4c57-a18c-c531fd8db7a1.png"
"交通工具","JT","7930724c-83a4-4899-bc39-0062298c54a2","战舰","models/7930724c-83a4-4899-bc39-0062298c54a2.gltf","thumbnails/7930724c-83a4-4899-bc39-0062298c54a2.png","14.05","https://rh-canvas-files.xiaoyaoyou.com/default/director/f774c442-2f18-4171-a946-a2536cc1102c.gltf","https://rh-canvas-files.xiaoyaoyou.com/default/director/b5a30a75-fd3a-4654-910b-887a9027d4f1.png"
